{
    "phase": "train",
    "sample_method": "DDIM",
    "path": { 
        "log": "logs",
        "tb_logger": "tb_logger",
        "results": "results",
        "checkpoint": "/root/yingjh/TAUM/PAENN",
        "resume_state": null
    },
    "model": {
        "which_model_G": "sr3", 
        "finetune_norm": false,
        "unet": {
            "in_channel": 2,
            "out_channel": 1,
            "inner_channel": 64,
            "channel_multiplier": [1, 2, 4, 8, 8],
            "attn_res": [16],
            "res_blocks": 2,
            "dropout": 0.2
        },
        "mlp": {
            "in_features": 95,
            "out_features": 95,
            "channels": 26,
            "linear_dropout": 0
        },
        "beta_schedule": { 
            "train": {
                "schedule": "linear",
                "n_timestep": 1000,
                "linear_start": 1e-6,
                "linear_end": 1e-2
            },
            "val": {
                "schedule": "linear",
                "n_timestep": 1000,
                "sample_timestep": 1, 
                "linear_start": 1e-6,
                "linear_end": 1e-2
            }
        },
        "diffusion": {
            "image_size": 128,
            "channels": 3,
            "conditional": true 
        }
    }
}